Key,Id,English(en),Vietnamese(vi)
Quest_Title_Q1,83,"The Journey Home","Hành Trình Trở Về"
Quest_Title_Q2,84,"Father's Tools","Nông Cụ Của Cha"
Quest_Title_Q3,85,"The First Sowing","Lần Gieo Hạt Đầu Tiên"
Quest_Title_Q4,86,"Garden Cleanup","Dọn Dẹp Khu Vườn"
Quest_Title_Q5,87,"The First Harvest","Vụ Mùa Đầu Tiên"
Quest_Title_Q6,88,"Planting Fruit Trees","Trồng Cây Ăn Quả"
Quest_Title_Q7,89,"Apples and Wood","Thu Hoạch Táo Và Gỗ"
Quest_Title_Q8,90,"Garden Expansion","Mở Rộng Khu Vườn"
Quest_Title_Q9,91,"Your First Sale","Đơn Hàng Đầu Tiên"
Quest_Title_Q10,92,"Unlocking the Well","Mở Khóa Giếng Nước"
Quest_Title_Q11,93,"Gone Fishing","Đi Câu Cá"
Quest_Title_Q12,94,"The Animal Barn","Mở Khóa Chuồng Vật Nuôi"
Quest_Title_Q13,99,"Feeding Trough and Fences","Máng Ăn Và Hàng Rào"
Quest_Title_MissingChild,106,"The Missing Child","Đứa Trẻ Mất Tích"
Quest_Desc_Q1,200,"Arthur said I should take the bus to reach the farm my father left for me.","Arthur bảo tôi nên bắt xe buýt để đến nông trại mà cha tôi để lại."
Quest_Action_Desc_Q1,201,"Go to the bus stop in town.","Đi đến trạm xe buýt ở thị trấn."
Quest_Desc_Q2,202,"I need to find the old tools in the storage shed that my father, Richard, left behind.","Tôi cần tìm những món nông cụ cũ trong nhà kho mà cha tôi, Richard, đã để lại."
Quest_Action_Desc_Q2,203,"Search the chest in the shed.","Tìm trong rương ở nhà kho."
Quest_Desc_Q3,204,"I should start by tilling the soil and planting the wheat seeds.","Tôi nên bắt đầu bằng việc cuốc đất và gieo hạt giống lúa mì."
Quest_Action_Desc_Q3,205,"Plant 10 wheat seeds.","Gieo 10 hạt giống lúa mì."
Quest_Desc_Q4,206,"The garden is a mess. I need to clear the scattered branches and rocks with my bare hands.","Khu vườn đang rất bừa bộn. Tôi cần dùng tay dọn dẹp các cành cây và đất đá vương vãi."
Quest_Action_Desc_Q4,207,"Clear branches and rocks.","Dọn dẹp cành cây và đất đá."
Quest_Desc_Q5,208,"I need to patiently wait for the wheat to grow, then harvest it.","Tôi cần kiên nhẫn chờ đợi lúa mì lớn lên, sau đó tiến hành thu hoạch."
Quest_Action_Desc_Q5,209,"Harvest the wheat.","Thu hoạch lúa mì."
Quest_Desc_Q6,210,"Arthur gave me some fruit tree seeds. I should plant them in the garden.","Arthur đã cho tôi vài hạt giống cây ăn quả. Tôi nên đem chúng đi trồng trong vườn."
Quest_Action_Desc_Q6,211,"Plant fruit tree seeds.","Trồng hạt giống cây ăn quả."
Quest_Desc_Q7,212,"I need to wait for the apple tree to mature to harvest the fruit, and use the axe to chop trees for wood.","Tôi cần đợi cây táo trưởng thành để thu hoạch quả, và dùng rìu chặt cây để lấy gỗ."
Quest_Action_Desc_Q7,213,"Harvest apples and collect wood.","Thu hoạch táo và thu thập gỗ."
Quest_Desc_Q8,214,"With the wood and stone gathered, I can go to the Workshop to upgrade and expand the garden space.","Với lượng gỗ và đá đã thu thập, tôi có thể đến Nhà xưởng để nâng cấp và mở rộng không gian khu vườn."
Quest_Action_Desc_Q8,215,"Expand the garden at the Workshop.","Mở rộng khu vườn tại Nhà xưởng."
Quest_Desc_Q9,216,"I can sell my harvested crops to the merchant to earn some money.","Tôi có thể mang nông sản đã thu hoạch đi bán cho thương nhân để kiếm chút tiền."
Quest_Action_Desc_Q9,217,"Sell items to the merchant.","Bán vật phẩm cho thương nhân."
Quest_Desc_Q10,218,"I need to unlock the old well to have a water source for my watering can. Watering helps crops grow faster.","Tôi cần mở khóa chiếc giếng cũ để có nguồn nước cho bình tưới. Tưới nước giúp cây lớn nhanh hơn."
Quest_Action_Desc_Q10,219,"Unlock the old well.","Mở khóa chiếc giếng cũ."
Quest_Desc_Q11,220,"Arthur gave me a fishing rod. I should try my luck and catch some fish.","Arthur đã cho tôi một chiếc cần câu. Tôi nên thử vận may và câu vài con cá."
Quest_Action_Desc_Q11,221,"Catch 5 fish.","Câu 5 con cá."
Quest_Desc_Q12,222,"It's time to prepare for livestock. I need to unlock the animal barn.","Đã đến lúc chuẩn bị cho việc chăn nuôi. Tôi cần mở khóa chuồng vật nuôi."
Quest_Action_Desc_Q12,223,"Unlock the animal barn.","Mở khóa chuồng vật nuôi."
Quest_Desc_Q13,224,"To protect the crops, I must build a feeding trough and fences for the animals before they arrive.","Để bảo vệ cây trồng, tôi phải xây dựng máng ăn và hàng rào cho động vật trước khi chúng tới."
Quest_Action_Desc_Q13,225,"Build a feeding trough and fences.","Xây dựng máng ăn và hàng rào."
Quest_Title_Homeless_Wood,230,"A Warm Fire","Ngọn Lửa Sưởi Ấm"
Quest_Desc_Homeless_Wood,231,"A homeless man in the forest needs some sturdy forest wood to stay warm.","Người vô gia cư trong rừng cần một ít gỗ rừng chắc chắn để sưởi ấm."
Quest_Action_Desc_Homeless_Wood,232,"Gather and give forest wood to the homeless man.","Thu thập và đưa gỗ rừng cho người vô gia cư."
Quest_Title_Homeless_Fish,237,"The Forest Catch","Món Cá Rừng"
Quest_Desc_Homeless_Fish,238,"Catch some unique fish from the forest lake to share a warm meal with the homeless man.","Câu một ít cá từ hồ nước trong rừng để chia sẻ một bữa ăn ấm cúng với người vô gia cư."
Quest_Action_Desc_Homeless_Fish,239,"Catch and give forest fish to the homeless man.","Câu và đưa cá rừng cho người vô gia cư."
Quest_Title_Clara_Radish,244,"Fresh Radishes","Củ Cải Tươi"
Quest_Desc_Clara_Radish,245,"Clara needs some fresh radishes from my farm to make her special stew.","Clara cần một ít củ cải tươi từ vườn của tôi để nấu món hầm đặc biệt."
Quest_Action_Desc_Clara_Radish,246,"Harvest and give radishes to Clara.","Thu hoạch và đưa củ cải cho Clara."
Quest_Title_Clara_Potato,251,"Baked Potatoes","Món Khoai Tây Nướng"
Quest_Desc_Clara_Potato,252,"Clara wants some potatoes from my farm to make baked potatoes for dinner.","Clara muốn một ít khoai tây từ nông trại của tôi để làm món khoai tây nướng cho bữa tối."
Quest_Action_Desc_Clara_Potato,253,"Harvest and give potatoes to Clara.","Thu hoạch và đưa khoai tây cho Clara."
Quest_Title_Clara_Mango,258,"Sweet Mangoes","Những Quả Xoài Ngọt"
Quest_Desc_Clara_Mango,259,"Clara wants some ripe mangoes from my farm for dessert.","Clara muốn một ít xoài chín từ nông trại của tôi để làm món tráng miệng."
Quest_Action_Desc_Clara_Mango,260,"Harvest and give mangoes to Clara.","Thu hoạch và đưa xoài cho Clara."
